[
  {
    "id": "55d3ad1c-cb4c-432e-848b-91d5272f4123",
    "data": [
      {
        "text": "J\u0027ai mal a la tete",
        "userDefined": false
      }
    ],
    "isTemplate": false,
    "count": 0
  },
  {
    "id": "c763d7e9-175c-48aa-ad01-58b7af9237e3",
    "data": [
      {
        "text": "Ma tete me fait mal",
        "userDefined": false
      }
    ],
    "isTemplate": false,
    "count": 0
  },
  {
    "id": "1dde7de7-17aa-4949-8c24-dc0ced487ef1",
    "data": [
      {
        "text": "je n\u0027ai plus la ",
        "userDefined": false
      },
      {
        "text": "force",
        "alias": "Fatigue",
        "meta": "@Fatigue",
        "userDefined": false
      },
      {
        "text": " de continuer",
        "userDefined": false
      }
    ],
    "isTemplate": false,
    "count": 0
  },
  {
    "id": "e80434e9-7988-4ae7-9886-38a0270a1d99",
    "data": [
      {
        "text": "je n\u0027ai plus la ",
        "userDefined": false
      },
      {
        "text": "force",
        "alias": "Fatigue",
        "meta": "@Fatigue",
        "userDefined": false
      }
    ],
    "isTemplate": false,
    "count": 0
  },
  {
    "id": "1c6e13dd-5de5-4582-bcbe-8d57f795f535",
    "data": [
      {
        "text": "Je suis ",
        "userDefined": false
      },
      {
        "text": "fatigue",
        "alias": "Fatigue",
        "meta": "@Fatigue",
        "userDefined": false
      }
    ],
    "isTemplate": false,
    "count": 0
  },
  {
    "id": "27d35bd7-42cb-411a-a70e-f6156dd08a33",
    "data": [
      {
        "text": "Je suis ",
        "userDefined": false
      },
      {
        "text": "a bout de force",
        "alias": "Fatigue",
        "meta": "@Fatigue",
        "userDefined": false
      }
    ],
    "isTemplate": false,
    "count": 0
  }
]